"id","stratum","D-loop"
"403","53","Hap.003"
"404","53","Hap.001"
"405","53","Hap.045"
"406","53","Hap.093"
"409","53","Hap.045"
"410","53","Hap.001"
"417","52","Hap.018"
"418","52","Hap.001"
"436","55","Hap.001"
"443","55","Hap.092"
"456","45","Hap.001"
"99.5","44","Hap.001"
"99.7","44","Hap.015"
"Albe676a","33","Hap.002"
"Albe676b","33","Hap.002"
"Albe676c","33","Hap.002"
"BluE679a","22","Hap.003"
"BluE679b","22","Hap.003"
"BluE679c","22","Hap.003"
"BluE679e","22","Hap.003"
"BluE679f","22","Hap.003"
"BluE679g","22","Hap.003"
"BluE680a","22","Hap.008"
"BluE680b","22","Hap.008"
"BluE680c","22","Hap.008"
"BW15","21","Hap.044"
"BW16","21","Hap.091"
"CAH2016","19","Hap.023"
"CenA680","19","Hap.008"
"CenA682","19","Hap.012"
"CenA683a","19","Hap.004"
"CenA683b","19","Hap.004"
"CenA683c","19","Hap.004"
"CenA684","19","Hap.010"
"CenA685a","19","Hap.013"
"CenA685b","19","Hap.013"
"CenA685c","19","Hap.013"
"CenA685d","19","Hap.013"
"CenA686","19","Hap.019"
"CenA687","19","Hap.020"
"CenA688","19","Hap.033"
"CenA690","19","Hap.047"
"CenA692","19","Hap.023"
"CenA697","19","Hap.049"
"CenA698","19","Hap.050"
"CenA701","19","Hap.103"
"CenA703","19","Hap.104"
"CenA711","19","Hap.044"
"CenA712","19","Hap.109"
"CenA714","19","Hap.023"
"CenA715","19","Hap.042"
"CenA717","19","Hap.111"
"CenA718","19","Hap.112"
"CenA721","19","Hap.115"
"CenA723","19","Hap.117"
"CenA724","19","Hap.118"
"CenA728","19","Hap.121"
"CenA730","19","Hap.005"
"CN45","34","Hap.002"
"DoUn679a","29","Hap.003"
"DoUn679b","29","Hap.003"
"DoUn679c","29","Hap.003"
"DoUn680","29","Hap.008"
"DoUn691a","29","Hap.022"
"DoUn691b","29","Hap.022"
"DoUn705","29","Hap.027"
"DoUn706","29","Hap.014"
"DoUn720","29","Hap.114"
"DoUn729","29","Hap.122"
"Ext001","1","Hap.030"
"Ext003","1","Hap.030"
"Ext020","1","Hap.030"
"Ext021","1","Hap.090"
"Ext0482","17","Hap.024"
"Ext0483","17","Hap.089"
"Ext1022","53","Hap.001"
"Ext1023","53","Hap.001"
"Ext1027","26","Hap.088"
"Ext1028","26","Hap.087"
"Ext1102","59","Hap.043"
"Ext1103","59","Hap.043"
"Ext1124","58","Hap.086"
"Ext1139","31","Hap.028"
"Ext1147","28","Hap.085"
"Ext1148","28","Hap.042"
"Ext1149","28","Hap.003"
"Ext1163","28","Hap.084"
"Ext1169","11","Hap.083"
"Ext1189","11","Hap.082"
"Ext1193","11","Hap.040"
"Ext1194","60","Hap.007"
"Ext1195","60","Hap.041"
"Ext1197","60","Hap.041"
"Ext1225","11","Hap.081"
"Ext1230","11","Hap.040"
"Ext1235","11","Hap.080"
"Ext1244","12","Hap.022"
"Ext1245","12","Hap.079"
"Ext1246","12","Hap.040"
"Ext1247","12","Hap.078"
"Ext1276","38","Hap.026"
"Ext1284","50","Hap.001"
"Ext1285","50","Hap.001"
"Ext1309","22","Hap.027"
"Ext1310","22","Hap.017"
"Ext1315","27","Hap.077"
"Ext1317","27","Hap.076"
"Ext1325","31","Hap.075"
"Ext1326","31","Hap.002"
"Ext1336","8","Hap.006"
"Ext1338","40","Hap.002"
"Ext1346","42","Hap.074"
"Ext1347","42","Hap.029"
"Ext1370","41","Hap.002"
"Ext1371","41","Hap.002"
"Ext1386","39","Hap.002"
"Ext1387","39","Hap.002"
"Ext1402","39","Hap.073"
"Ext203","56","Hap.001"
"Ext204","56","Hap.001"
"Ext300","54","Hap.001"
"Ext311","56","Hap.001"
"Ext326","54","Hap.017"
"Ext350","56","Hap.001"
"Ext375","48","Hap.001"
"Ext376","48","Hap.001"
"Ext424","19","Hap.072"
"Ext508","8","Hap.006"
"Ext589","8","Hap.006"
"Ext590","8","Hap.006"
"Ext654","49","Hap.018"
"Ext655","49","Hap.001"
"Ext666","2","Hap.009"
"Ext670","2","Hap.039"
"Ext672","2","Hap.009"
"Ext674","2","Hap.039"
"Ext676","2","Hap.009"
"Ext737","25","Hap.071"
"Ext739","25","Hap.070"
"Ext758","24","Hap.069"
"Ext759","24","Hap.038"
"Ext764","37","Hap.029"
"Ext765","37","Hap.068"
"Ext769","37","Hap.029"
"Ext790","37","Hap.002"
"Ext797","37","Hap.002"
"Ext802","32","Hap.028"
"Ext804","32","Hap.028"
"Ext815","18","Hap.067"
"Ext816","18","Hap.066"
"Ext824","18","Hap.065"
"Ext832","18","Hap.064"
"Ext840","29","Hap.027"
"Ext844","29","Hap.003"
"Ext850","32","Hap.002"
"Ext852","32","Hap.002"
"Ext854","33","Hap.026"
"Ext856","33","Hap.026"
"Ext874","10","Hap.063"
"Ext875","10","Hap.062"
"Ext876","13","Hap.061"
"Ext877","13","Hap.060"
"Ext891","14","Hap.011"
"Ext892","14","Hap.059"
"Ext902","9","Hap.058"
"Ext903","9","Hap.037"
"Ext904","7","Hap.006"
"Ext923","35","Hap.002"
"Ext927","35","Hap.002"
"Ext933","35","Hap.002"
"Ext936","35","Hap.002"
"Ext939","38","Hap.021"
"Ext958","36","Hap.002"
"Ext964","36","Hap.002"
"Ext965","36","Hap.002"
"Ext966","36","Hap.002"
"Ext967","36","Hap.002"
"Ext971","36","Hap.002"
"Ext972","36","Hap.002"
"Ext974","36","Hap.002"
"Ext976","36","Hap.002"
"Ext995","23","Hap.017"
"Ext996","23","Hap.057"
"G11","57","Hap.001"
"G29","57","Hap.001"
"G30","57","Hap.001"
"G32","57","Hap.001"
"GeoR674a","54","Hap.001"
"GeoR674b","54","Hap.001"
"GeoR674c","54","Hap.001"
"GeoR674d","54","Hap.001"
"GeoR675","54","Hap.098"
"GeoR681a","54","Hap.017"
"GeoR681b","54","Hap.017"
"KR_14","5","Hap.007"
"KR_15","5","Hap.056"
"KR_16","5","Hap.006"
"KR_2","6","Hap.055"
"KR_4551","4","Hap.016"
"KR_4552","4","Hap.016"
"KR_4553","4","Hap.016"
"KR_4555","4","Hap.016"
"KR_4556","4","Hap.016"
"KR_54","3","Hap.007"
"KR_64","3","Hap.054"
"KR_68","3","Hap.006"
"KR_76","6","Hap.025"
"KR_78","6","Hap.025"
"KR_97","6","Hap.025"
"LaHa679a","60","Hap.003"
"LaHa679b","60","Hap.003"
"LaHa679c","60","Hap.003"
"LaHa679d","60","Hap.003"
"LaHa679e","60","Hap.003"
"LaHa680a","60","Hap.008"
"LaHa680b","60","Hap.008"
"LaHa680c","60","Hap.008"
"LaHa680d","60","Hap.008"
"LaHa689a","60","Hap.021"
"LaHa689b","60","Hap.021"
"LS1","43","Hap.015"
"LS11","43","Hap.053"
"M11","48","Hap.001"
"M13","48","Hap.001"
"NAP107986","16","Hap.052"
"NewF672a","58","Hap.015"
"NewF672b","58","Hap.015"
"NewF672c","58","Hap.015"
"NewF673","58","Hap.097"
"Per_389","30","Hap.014"
"Per_390","30","Hap.014"
"Per_416","30","Hap.003"
"Per_417","30","Hap.014"
"Per_419","30","Hap.003"
"Per_420","30","Hap.003"
"Per_421","30","Hap.014"
"Porc682a","21","Hap.012"
"Porc682b","21","Hap.012"
"Porc682c","21","Hap.012"
"Porc682d","21","Hap.012"
"Porc682e","21","Hap.012"
"Porc683a","21","Hap.004"
"Porc683b","21","Hap.004"
"Porc683c","21","Hap.004"
"Porc684a","21","Hap.010"
"Porc684b","21","Hap.010"
"Porc685","21","Hap.013"
"Porc686","21","Hap.019"
"Porc687a","21","Hap.020"
"Porc687b","21","Hap.020"
"Porc687c","21","Hap.020"
"Porc688a","21","Hap.033"
"Porc688b","21","Hap.033"
"Porc690","21","Hap.047"
"Porc691","21","Hap.022"
"Porc692","21","Hap.023"
"Porc693","21","Hap.099"
"Porc695","21","Hap.101"
"Porc696a","21","Hap.048"
"Porc696b","21","Hap.048"
"Porc697","21","Hap.049"
"Porc699","21","Hap.102"
"Porc707","21","Hap.106"
"Porc709","21","Hap.107"
"Porc710","21","Hap.108"
"Porc713","21","Hap.110"
"Porc722","21","Hap.116"
"RusR122a","61","Hap.011"
"RusR122b","61","Hap.011"
"RusR122c","61","Hap.011"
"RusR122d","61","Hap.011"
"RusR122e","61","Hap.011"
"RusR126a","61","Hap.046"
"RusR126b","61","Hap.046"
"RusR127a","61","Hap.031"
"RusR127b","61","Hap.031"
"RusR127c","61","Hap.031"
"RusR130","61","Hap.037"
"RusR132","61","Hap.094"
"RusR133","61","Hap.095"
"RusR135","61","Hap.096"
"RusR730a","61","Hap.005"
"RusR730b","61","Hap.005"
"RusR730c","61","Hap.005"
"RusR730d","61","Hap.005"
"RusR730e","61","Hap.005"
"RusR730f","61","Hap.005"
"RusR730g","61","Hap.005"
"RusR730h","61","Hap.005"
"RusR730i","61","Hap.005"
"S14","47","Hap.001"
"S15","47","Hap.051"
"Scan123a","3","Hap.007"
"Scan123b","3","Hap.007"
"Scan123c","3","Hap.007"
"Scan123d","3","Hap.007"
"Scan123e","3","Hap.007"
"Scan123f","3","Hap.007"
"Scan124a","2","Hap.009"
"Scan124b","2","Hap.009"
"Scan124c","2","Hap.009"
"Scan124d","2","Hap.009"
"Scan124e","2","Hap.009"
"Scan125a","4","Hap.006"
"Scan125b","4","Hap.006"
"Scan125c","4","Hap.006"
"Tesh683","17","Hap.004"
"Tesh684c","17","Hap.010"
"Tesh684d","17","Hap.010"
"Tesh684e","17","Hap.010"
"Tesh685","17","Hap.013"
"Tesh686","17","Hap.019"
"Tesh694","17","Hap.100"
"Tesh698","17","Hap.050"
"Tesh708","17","Hap.035"
"Tesh716a","17","Hap.034"
"Tesh716b","17","Hap.034"
"Tesh716c","17","Hap.034"
"VaOr677a","44","Hap.032"
"VaOr677b","44","Hap.032"
"VaOr677c","44","Hap.032"
"VaOr678a","44","Hap.018"
"VaOr678b","44","Hap.018"
"VaOr678c","44","Hap.018"
"WAH454","15","Hap.036"
"WesA683a","15","Hap.004"
"WesA683b","15","Hap.004"
"WesA683c","15","Hap.004"
"WesA683d","15","Hap.004"
"WesA683e","15","Hap.004"
"WesA684","15","Hap.010"
"WesA686a","15","Hap.019"
"WesA686b","15","Hap.019"
"WesA687","15","Hap.020"
"WesA689","15","Hap.021"
"WesA700","15","Hap.036"
"WesA702","15","Hap.024"
"WesA704","15","Hap.105"
"WesA719","15","Hap.113"
"WesA725","15","Hap.119"
"WesA726","15","Hap.120"
"WesA727","15","Hap.038"
"WesA730","15","Hap.005"
"WMC_106513","20","Hap.035"
"WMC_107110","20","Hap.024"
